{ "wl_lim": [350, 800], "spatial_res": 31, "integration_time_ms": 15.0, "height": 600, "width": 800, "spectro_scans2avg": 5, "m": [[1.0472244680098872, 0.05470570681996719, -457.4326285785963], [-0.049252755663795035, 1.001472765093908, -9.330444292989371], [6.363340847513184e-05, -0.00012113964152289203, 1.0]], "max_height": 352, "max_width": 469, "mode_choice": "Avanc\u00e9"}